{"join_counter": 259, "_timestamp": 1686833086.4875863, "_runtime": 112.99428129196167, "_step": 25302, "_wandb": {"runtime": 111}}